cedula,nombre,email,password_hash,rol,fecha_ingreso,logia
V-11111111,Miembro Activo Demo,miembro.activo@demo.local,argon2_mock_hash_activo,miembro,2020-01-15,Protectora de las Virtudes Nº 1
V-22222222,Miembro en Mora Demo,miembro.entredicho@demo.local,argon2_mock_hash_mora,miembro,2019-05-10,Sol de Oriente Nº 2
V-33333333,Administrador Demo,admin.demo@demo.local,argon2_mock_hash_admin,admin,2015-11-20,La Luz Nº 5
V-10000004,Luis Rodriguez,user_4@logias.local,argon2_mock_hash_4,miembro,2019-09-03,La Luz Nº 5
V-10000005,Julio Torres,user_5@logias.local,argon2_mock_hash_5,miembro,2024-06-30,Protectora de las Virtudes Nº 1
V-10000006,Eduardo Flores,user_6@logias.local,argon2_mock_hash_6,miembro,2020-03-22,Fraternidad Nº 7
V-10000007,Miguel Torres,user_7@logias.local,argon2_mock_hash_7,miembro,2018-12-07,Acacia Nº 6
V-10000008,Carlos Castillo,user_8@logias.local,argon2_mock_hash_8,miembro,2017-02-11,Sol de Oriente Nº 2
V-10000009,Pedro Ramirez,user_9@logias.local,argon2_mock_hash_9,miembro,2016-09-04,Sol de Oriente Nº 2
V-10000010,Julio Flores,user_10@logias.local,argon2_mock_hash_10,miembro,2024-02-20,Sol de Oriente Nº 2
V-10000011,Francisco Diaz,user_11@logias.local,argon2_mock_hash_11,miembro,2018-12-06,Fraternidad Nº 7
V-10000012,David Blanco,user_12@logias.local,argon2_mock_hash_12,miembro,2019-03-06,Esperanza Nº 4
V-10000013,Roberto Gomez,user_13@logias.local,argon2_mock_hash_13,miembro,2021-07-02,Esperanza Nº 4
V-10000014,Jesus Gonzalez,user_14@logias.local,argon2_mock_hash_14,miembro,2024-06-12,Esperanza Nº 4
V-10000015,Carlos Flores,user_15@logias.local,argon2_mock_hash_15,miembro,2020-05-25,Acacia Nº 6
V-10000016,Andres Sosa,user_16@logias.local,argon2_mock_hash_16,miembro,2019-08-20,Estrella del Sur Nº 3
V-10000017,Julio Torres,user_17@logias.local,argon2_mock_hash_17,miembro,2017-01-17,Fraternidad Nº 7
V-10000018,Carlos Gonzalez,user_18@logias.local,argon2_mock_hash_18,miembro,2021-09-26,Sol de Oriente Nº 2
V-10000019,Daniel Castillo,user_19@logias.local,argon2_mock_hash_19,miembro,2013-04-19,Progreso Nº 8
V-10000020,Luis Guzman,user_20@logias.local,argon2_mock_hash_20,miembro,2017-07-15,La Luz Nº 5
V-10000021,Alexander Rodriguez,user_21@logias.local,argon2_mock_hash_21,miembro,2013-12-09,La Luz Nº 5
V-10000022,Antonio Mendoza,user_22@logias.local,argon2_mock_hash_22,miembro,2021-09-26,Esperanza Nº 4
V-10000023,Roberto Rondon,user_23@logias.local,argon2_mock_hash_23,miembro,2024-09-23,Progreso Nº 8
V-10000024,Francisco Gonzalez,user_24@logias.local,argon2_mock_hash_24,miembro,2012-06-10,Esperanza Nº 4
V-10000025,Carlos Guzman,user_25@logias.local,argon2_mock_hash_25,miembro,2022-04-15,Estrella del Sur Nº 3
V-10000026,Manuel Mendoza,user_26@logias.local,argon2_mock_hash_26,miembro,2020-05-31,Fraternidad Nº 7
V-10000027,Daniel Blanco,user_27@logias.local,argon2_mock_hash_27,miembro,2013-07-23,Progreso Nº 8
V-10000028,Carlos Rondon,user_28@logias.local,argon2_mock_hash_28,miembro,2011-12-21,Protectora de las Virtudes Nº 1
V-10000029,Juan Hernandez,user_29@logias.local,argon2_mock_hash_29,miembro,2020-01-12,Protectora de las Virtudes Nº 1
V-10000030,Carlos Mendoza,user_30@logias.local,argon2_mock_hash_30,miembro,2018-12-02,Esperanza Nº 4
V-10000031,Julio Silva,user_31@logias.local,argon2_mock_hash_31,miembro,2019-09-19,Progreso Nº 8
V-10000032,Luis Diaz,user_32@logias.local,argon2_mock_hash_32,miembro,2017-03-21,Fraternidad Nº 7
V-10000033,Luis Gonzalez,user_33@logias.local,argon2_mock_hash_33,miembro,2017-07-22,Fraternidad Nº 7
V-10000034,Jose Flores,user_34@logias.local,argon2_mock_hash_34,miembro,2022-01-08,Progreso Nº 8
V-10000035,Francisco Hernandez,user_35@logias.local,argon2_mock_hash_35,miembro,2012-10-27,Progreso Nº 8
V-10000036,Carlos Sanches,user_36@logias.local,argon2_mock_hash_36,miembro,2016-01-19,Estrella del Sur Nº 3
V-10000037,Pedro Gomez,user_37@logias.local,argon2_mock_hash_37,miembro,2025-02-12,Fraternidad Nº 7
V-10000038,Antonio Torres,user_38@logias.local,argon2_mock_hash_38,miembro,2021-09-10,Progreso Nº 8
V-10000039,Julio Guzman,user_39@logias.local,argon2_mock_hash_39,miembro,2018-02-17,Protectora de las Virtudes Nº 1
V-10000040,Rafael Mendoza,user_40@logias.local,argon2_mock_hash_40,miembro,2023-11-22,Estrella del Sur Nº 3
V-10000041,Carlos Mejia,user_41@logias.local,argon2_mock_hash_41,miembro,2019-11-22,Sol de Oriente Nº 2
V-10000042,Julio Mejia,user_42@logias.local,argon2_mock_hash_42,miembro,2011-04-11,Protectora de las Virtudes Nº 1
V-10000043,Manuel Flores,user_43@logias.local,argon2_mock_hash_43,miembro,2019-10-24,Acacia Nº 6
V-10000044,Alexander Rondon,user_44@logias.local,argon2_mock_hash_44,miembro,2024-12-15,Sol de Oriente Nº 2
V-10000045,Carlos Guzman,user_45@logias.local,argon2_mock_hash_45,miembro,2013-10-26,Esperanza Nº 4
V-10000046,Francisco Blanco,user_46@logias.local,argon2_mock_hash_46,miembro,2021-08-17,La Luz Nº 5
V-10000047,Roberto Mendoza,user_47@logias.local,argon2_mock_hash_47,miembro,2012-09-22,Protectora de las Virtudes Nº 1
V-10000048,Andres Sosa,user_48@logias.local,argon2_mock_hash_48,miembro,2022-10-07,Sol de Oriente Nº 2
V-10000049,Antonio Mejia,user_49@logias.local,argon2_mock_hash_49,miembro,2017-06-23,Esperanza Nº 4
V-10000050,Rafael Medina,user_50@logias.local,argon2_mock_hash_50,miembro,2024-01-10,La Luz Nº 5
V-10000051,Pedro Rodriguez,user_51@logias.local,argon2_mock_hash_51,miembro,2022-03-26,Acacia Nº 6
V-10000052,Alexander Guzman,user_52@logias.local,argon2_mock_hash_52,miembro,2012-08-02,Fraternidad Nº 7
V-10000053,Eduardo Gonzalez,user_53@logias.local,argon2_mock_hash_53,miembro,2012-02-07,Acacia Nº 6
V-10000054,Pedro Alvarez,user_54@logias.local,argon2_mock_hash_54,miembro,2024-04-09,Acacia Nº 6
V-10000055,Luis Blanco,user_55@logias.local,argon2_mock_hash_55,miembro,2011-03-31,Fraternidad Nº 7
V-10000056,Miguel Torres,user_56@logias.local,argon2_mock_hash_56,miembro,2021-02-21,Protectora de las Virtudes Nº 1
V-10000057,Francisco Sosa,user_57@logias.local,argon2_mock_hash_57,miembro,2022-09-28,Estrella del Sur Nº 3
V-10000058,Francisco Flores,user_58@logias.local,argon2_mock_hash_58,miembro,2017-04-28,Progreso Nº 8
V-10000059,Juan Flores,user_59@logias.local,argon2_mock_hash_59,miembro,2017-10-20,Fraternidad Nº 7
V-10000060,David Mendoza,user_60@logias.local,argon2_mock_hash_60,miembro,2013-02-20,Fraternidad Nº 7
V-10000061,Manuel Gomez,user_61@logias.local,argon2_mock_hash_61,miembro,2024-04-22,La Luz Nº 5
V-10000062,Jesus Torres,user_62@logias.local,argon2_mock_hash_62,miembro,2016-07-11,Sol de Oriente Nº 2
V-10000063,Pedro Torres,user_63@logias.local,argon2_mock_hash_63,miembro,2013-07-03,Protectora de las Virtudes Nº 1
V-10000064,David Torres,user_64@logias.local,argon2_mock_hash_64,miembro,2017-10-05,Sol de Oriente Nº 2
V-10000065,Antonio Mendoza,user_65@logias.local,argon2_mock_hash_65,miembro,2016-01-03,La Luz Nº 5
V-10000066,Jose Torres,user_66@logias.local,argon2_mock_hash_66,miembro,2021-04-06,Fraternidad Nº 7
V-10000067,Eduardo Rodriguez,user_67@logias.local,argon2_mock_hash_67,miembro,2018-09-24,La Luz Nº 5
V-10000068,Alexander Ramirez,user_68@logias.local,argon2_mock_hash_68,miembro,2020-05-16,Progreso Nº 8
V-10000069,Antonio Mendoza,user_69@logias.local,argon2_mock_hash_69,miembro,2023-01-26,Acacia Nº 6
V-10000070,Francisco Flores,user_70@logias.local,argon2_mock_hash_70,miembro,2024-08-13,Estrella del Sur Nº 3
V-10000071,Alexander Torres,user_71@logias.local,argon2_mock_hash_71,miembro,2016-07-21,Esperanza Nº 4
V-10000072,Juan Diaz,user_72@logias.local,argon2_mock_hash_72,miembro,2020-04-04,Fraternidad Nº 7
V-10000073,Pedro Guzman,user_73@logias.local,argon2_mock_hash_73,miembro,2022-06-11,Esperanza Nº 4
V-10000074,Alexander Mejia,user_74@logias.local,argon2_mock_hash_74,miembro,2012-11-16,Fraternidad Nº 7
V-10000075,Alexander Sosa,user_75@logias.local,argon2_mock_hash_75,miembro,2018-12-12,Esperanza Nº 4
V-10000076,Francisco Sosa,user_76@logias.local,argon2_mock_hash_76,miembro,2023-06-06,Progreso Nº 8
V-10000077,Jesus Rondon,user_77@logias.local,argon2_mock_hash_77,miembro,2022-01-23,Sol de Oriente Nº 2
V-10000078,Jose Hernandez,user_78@logias.local,argon2_mock_hash_78,miembro,2016-01-09,Fraternidad Nº 7
V-10000079,Pedro Flores,user_79@logias.local,argon2_mock_hash_79,miembro,2016-06-06,Fraternidad Nº 7
V-10000080,Julio Castillo,user_80@logias.local,argon2_mock_hash_80,miembro,2025-01-12,Progreso Nº 8
V-10000081,Jorge Guzman,user_81@logias.local,argon2_mock_hash_81,miembro,2014-03-20,Esperanza Nº 4
V-10000082,Juan Castillo,user_82@logias.local,argon2_mock_hash_82,miembro,2016-02-05,Acacia Nº 6
V-10000083,Roberto Guzman,user_83@logias.local,argon2_mock_hash_83,miembro,2016-04-30,Protectora de las Virtudes Nº 1
V-10000084,Carlos Torres,user_84@logias.local,argon2_mock_hash_84,miembro,2014-10-23,Estrella del Sur Nº 3
V-10000085,Jesus Flores,user_85@logias.local,argon2_mock_hash_85,miembro,2017-11-01,Progreso Nº 8
V-10000086,Jorge Sosa,user_86@logias.local,argon2_mock_hash_86,miembro,2014-08-14,Sol de Oriente Nº 2
V-10000087,David Sanches,user_87@logias.local,argon2_mock_hash_87,miembro,2024-04-06,Sol de Oriente Nº 2
V-10000088,Juan Mejia,user_88@logias.local,argon2_mock_hash_88,miembro,2019-10-25,Estrella del Sur Nº 3
V-10000089,Julio Flores,user_89@logias.local,argon2_mock_hash_89,miembro,2019-06-02,Progreso Nº 8
V-10000090,Miguel Alvarez,user_90@logias.local,argon2_mock_hash_90,miembro,2012-03-09,Sol de Oriente Nº 2
V-10000091,Daniel Flores,user_91@logias.local,argon2_mock_hash_91,miembro,2011-11-20,Sol de Oriente Nº 2
V-10000092,Luis Alvarez,user_92@logias.local,argon2_mock_hash_92,miembro,2012-06-21,Sol de Oriente Nº 2
V-10000093,David Hernandez,user_93@logias.local,argon2_mock_hash_93,miembro,2024-11-18,Acacia Nº 6
V-10000094,Jorge Blanco,user_94@logias.local,argon2_mock_hash_94,miembro,2021-09-25,Progreso Nº 8
V-10000095,Roberto Guzman,user_95@logias.local,argon2_mock_hash_95,miembro,2014-09-27,Progreso Nº 8
V-10000096,Jesus Sanches,user_96@logias.local,argon2_mock_hash_96,miembro,2018-11-29,Sol de Oriente Nº 2
V-10000097,Julio Mejia,user_97@logias.local,argon2_mock_hash_97,miembro,2017-08-15,Fraternidad Nº 7
V-10000098,Victor Flores,user_98@logias.local,argon2_mock_hash_98,miembro,2019-05-16,Acacia Nº 6
V-10000099,Eduardo Rodriguez,user_99@logias.local,argon2_mock_hash_99,miembro,2023-03-31,Esperanza Nº 4
V-10000100,Eduardo Sanches,user_100@logias.local,argon2_mock_hash_100,miembro,2014-02-27,Progreso Nº 8
V-10000101,Antonio Sanches,user_101@logias.local,argon2_mock_hash_101,miembro,2019-09-16,Fraternidad Nº 7
V-10000102,Victor Guzman,user_102@logias.local,argon2_mock_hash_102,miembro,2015-08-16,Acacia Nº 6
V-10000103,David Ramirez,user_103@logias.local,argon2_mock_hash_103,miembro,2018-04-16,La Luz Nº 5
V-10000104,Jesus Diaz,user_104@logias.local,argon2_mock_hash_104,miembro,2020-11-13,Estrella del Sur Nº 3
V-10000105,Julio Mendoza,user_105@logias.local,argon2_mock_hash_105,miembro,2022-11-29,La Luz Nº 5
V-10000106,David Gomez,user_106@logias.local,argon2_mock_hash_106,miembro,2024-11-06,La Luz Nº 5
V-10000107,Pedro Gonzalez,user_107@logias.local,argon2_mock_hash_107,miembro,2022-05-02,La Luz Nº 5
V-10000108,Juan Silva,user_108@logias.local,argon2_mock_hash_108,miembro,2014-08-21,La Luz Nº 5
V-10000109,Pedro Sosa,user_109@logias.local,argon2_mock_hash_109,miembro,2022-08-10,Progreso Nº 8
V-10000110,Carlos Silva,user_110@logias.local,argon2_mock_hash_110,miembro,2021-10-06,Protectora de las Virtudes Nº 1
V-10000111,Carlos Sanches,user_111@logias.local,argon2_mock_hash_111,miembro,2012-08-25,Sol de Oriente Nº 2
V-10000112,Rafael Castillo,user_112@logias.local,argon2_mock_hash_112,miembro,2015-03-28,Progreso Nº 8
V-10000113,Antonio Silva,user_113@logias.local,argon2_mock_hash_113,miembro,2011-06-29,Protectora de las Virtudes Nº 1
V-10000114,Jose Sosa,user_114@logias.local,argon2_mock_hash_114,miembro,2021-08-23,Sol de Oriente Nº 2
V-10000115,Miguel Rodriguez,user_115@logias.local,argon2_mock_hash_115,miembro,2015-01-23,Fraternidad Nº 7
V-10000116,Pedro Sanches,user_116@logias.local,argon2_mock_hash_116,miembro,2018-10-28,La Luz Nº 5
V-10000117,Francisco Sosa,user_117@logias.local,argon2_mock_hash_117,miembro,2015-08-19,Esperanza Nº 4
V-10000118,Manuel Perez,user_118@logias.local,argon2_mock_hash_118,miembro,2023-10-30,Sol de Oriente Nº 2
V-10000119,Alexander Diaz,user_119@logias.local,argon2_mock_hash_119,miembro,2018-05-06,Progreso Nº 8
V-10000120,Alexander Hernandez,user_120@logias.local,argon2_mock_hash_120,miembro,2015-06-23,Protectora de las Virtudes Nº 1
V-10000121,Juan Hernandez,user_121@logias.local,argon2_mock_hash_121,miembro,2012-04-06,Esperanza Nº 4
V-10000122,Julio Gonzalez,user_122@logias.local,argon2_mock_hash_122,miembro,2014-08-12,Estrella del Sur Nº 3
V-10000123,Miguel Silva,user_123@logias.local,argon2_mock_hash_123,miembro,2014-02-19,Fraternidad Nº 7
V-10000124,Jorge Rondon,user_124@logias.local,argon2_mock_hash_124,miembro,2022-10-27,Acacia Nº 6
V-10000125,Victor Alvarez,user_125@logias.local,argon2_mock_hash_125,miembro,2012-10-29,Fraternidad Nº 7
V-10000126,Manuel Rondon,user_126@logias.local,argon2_mock_hash_126,miembro,2016-02-06,Sol de Oriente Nº 2
V-10000127,Jorge Gonzalez,user_127@logias.local,argon2_mock_hash_127,miembro,2013-07-15,Esperanza Nº 4
V-10000128,Pedro Flores,user_128@logias.local,argon2_mock_hash_128,miembro,2012-11-05,La Luz Nº 5
V-10000129,Victor Diaz,user_129@logias.local,argon2_mock_hash_129,miembro,2011-07-06,Protectora de las Virtudes Nº 1
V-10000130,Eduardo Rodriguez,user_130@logias.local,argon2_mock_hash_130,miembro,2023-01-28,Fraternidad Nº 7
V-10000131,Luis Perez,user_131@logias.local,argon2_mock_hash_131,miembro,2018-08-15,Progreso Nº 8
V-10000132,Victor Medina,user_132@logias.local,argon2_mock_hash_132,miembro,2014-12-03,Esperanza Nº 4
V-10000133,Roberto Mendoza,user_133@logias.local,argon2_mock_hash_133,miembro,2023-08-08,Estrella del Sur Nº 3
V-10000134,Rafael Sosa,user_134@logias.local,argon2_mock_hash_134,miembro,2018-10-27,Protectora de las Virtudes Nº 1
V-10000135,Andres Ramirez,user_135@logias.local,argon2_mock_hash_135,miembro,2017-06-04,Progreso Nº 8
V-10000136,Alexander Rondon,user_136@logias.local,argon2_mock_hash_136,miembro,2019-10-23,Esperanza Nº 4
V-10000137,Pedro Rondon,user_137@logias.local,argon2_mock_hash_137,miembro,2016-08-12,Progreso Nº 8
V-10000138,Victor Gonzalez,user_138@logias.local,argon2_mock_hash_138,miembro,2013-11-25,Estrella del Sur Nº 3
V-10000139,Alexander Diaz,user_139@logias.local,argon2_mock_hash_139,miembro,2024-10-27,Progreso Nº 8
V-10000140,Carlos Medina,user_140@logias.local,argon2_mock_hash_140,miembro,2017-07-28,La Luz Nº 5
V-10000141,Jesus Guzman,user_141@logias.local,argon2_mock_hash_141,miembro,2018-01-23,Fraternidad Nº 7
V-10000142,Roberto Hernandez,user_142@logias.local,argon2_mock_hash_142,miembro,2018-09-20,Esperanza Nº 4
V-10000143,Luis Diaz,user_143@logias.local,argon2_mock_hash_143,miembro,2021-06-08,Progreso Nº 8
V-10000144,Jesus Gonzalez,user_144@logias.local,argon2_mock_hash_144,miembro,2017-02-15,La Luz Nº 5
V-10000145,Rafael Torres,user_145@logias.local,argon2_mock_hash_145,miembro,2021-05-09,Estrella del Sur Nº 3
V-10000146,Roberto Sanches,user_146@logias.local,argon2_mock_hash_146,miembro,2012-02-01,Progreso Nº 8
V-10000147,Alexander Sosa,user_147@logias.local,argon2_mock_hash_147,miembro,2014-09-24,Protectora de las Virtudes Nº 1
V-10000148,Carlos Ramirez,user_148@logias.local,argon2_mock_hash_148,miembro,2011-12-27,Acacia Nº 6
V-10000149,Alexander Alvarez,user_149@logias.local,argon2_mock_hash_149,miembro,2016-07-15,Esperanza Nº 4
V-10000150,Daniel Silva,user_150@logias.local,argon2_mock_hash_150,miembro,2012-04-10,Acacia Nº 6
V-10000151,Daniel Sosa,user_151@logias.local,argon2_mock_hash_151,miembro,2012-06-21,Protectora de las Virtudes Nº 1
V-10000152,Antonio Sanches,user_152@logias.local,argon2_mock_hash_152,miembro,2020-04-02,Acacia Nº 6
V-10000153,Andres Diaz,user_153@logias.local,argon2_mock_hash_153,miembro,2018-03-28,Protectora de las Virtudes Nº 1
V-10000154,Andres Hernandez,user_154@logias.local,argon2_mock_hash_154,miembro,2017-11-02,La Luz Nº 5
V-10000155,Andres Guzman,user_155@logias.local,argon2_mock_hash_155,miembro,2013-04-05,Acacia Nº 6
V-10000156,Manuel Medina,user_156@logias.local,argon2_mock_hash_156,miembro,2017-07-27,La Luz Nº 5
V-10000157,Andres Sanches,user_157@logias.local,argon2_mock_hash_157,miembro,2012-08-31,Fraternidad Nº 7
V-10000158,Manuel Guzman,user_158@logias.local,argon2_mock_hash_158,miembro,2014-12-19,Sol de Oriente Nº 2
V-10000159,David Diaz,user_159@logias.local,argon2_mock_hash_159,miembro,2014-08-04,Esperanza Nº 4
V-10000160,Roberto Sanches,user_160@logias.local,argon2_mock_hash_160,miembro,2014-10-02,Sol de Oriente Nº 2
V-10000161,Luis Perez,user_161@logias.local,argon2_mock_hash_161,miembro,2024-05-01,Protectora de las Virtudes Nº 1
V-10000162,Luis Sanches,user_162@logias.local,argon2_mock_hash_162,miembro,2016-06-13,Estrella del Sur Nº 3
V-10000163,Julio Perez,user_163@logias.local,argon2_mock_hash_163,miembro,2022-12-11,Fraternidad Nº 7
V-10000164,Manuel Gonzalez,user_164@logias.local,argon2_mock_hash_164,miembro,2020-04-17,Acacia Nº 6
V-10000165,Luis Blanco,user_165@logias.local,argon2_mock_hash_165,miembro,2023-10-22,Acacia Nº 6
V-10000166,Alexander Hernandez,user_166@logias.local,argon2_mock_hash_166,miembro,2011-10-10,Esperanza Nº 4
V-10000167,Francisco Perez,user_167@logias.local,argon2_mock_hash_167,miembro,2023-08-17,Esperanza Nº 4
V-10000168,Julio Flores,user_168@logias.local,argon2_mock_hash_168,miembro,2017-10-18,Esperanza Nº 4
V-10000169,Manuel Perez,user_169@logias.local,argon2_mock_hash_169,miembro,2013-01-18,Estrella del Sur Nº 3
V-10000170,Juan Perez,user_170@logias.local,argon2_mock_hash_170,miembro,2017-02-17,Protectora de las Virtudes Nº 1
V-10000171,Juan Gomez,user_171@logias.local,argon2_mock_hash_171,miembro,2023-12-28,La Luz Nº 5
V-10000172,Carlos Medina,user_172@logias.local,argon2_mock_hash_172,miembro,2017-01-17,Progreso Nº 8
V-10000173,Rafael Sanches,user_173@logias.local,argon2_mock_hash_173,miembro,2013-06-21,Protectora de las Virtudes Nº 1
V-10000174,Pedro Medina,user_174@logias.local,argon2_mock_hash_174,miembro,2015-08-09,Fraternidad Nº 7
V-10000175,Carlos Hernandez,user_175@logias.local,argon2_mock_hash_175,miembro,2011-07-10,Acacia Nº 6
V-10000176,Roberto Silva,user_176@logias.local,argon2_mock_hash_176,miembro,2016-08-15,Acacia Nº 6
V-10000177,Alexander Mendoza,user_177@logias.local,argon2_mock_hash_177,miembro,2022-12-10,Fraternidad Nº 7
V-10000178,Jorge Ramirez,user_178@logias.local,argon2_mock_hash_178,miembro,2015-11-20,Esperanza Nº 4
V-10000179,Jorge Diaz,user_179@logias.local,argon2_mock_hash_179,miembro,2015-08-05,Acacia Nº 6
V-10000180,Andres Medina,user_180@logias.local,argon2_mock_hash_180,miembro,2023-02-13,Sol de Oriente Nº 2
V-10000181,Luis Blanco,user_181@logias.local,argon2_mock_hash_181,miembro,2012-09-08,Estrella del Sur Nº 3
V-10000182,Luis Torres,user_182@logias.local,argon2_mock_hash_182,miembro,2015-09-06,Acacia Nº 6
V-10000183,Roberto Alvarez,user_183@logias.local,argon2_mock_hash_183,miembro,2022-11-04,Acacia Nº 6
V-10000184,Victor Sanches,user_184@logias.local,argon2_mock_hash_184,miembro,2017-04-24,Sol de Oriente Nº 2
V-10000185,Manuel Silva,user_185@logias.local,argon2_mock_hash_185,miembro,2015-07-17,Esperanza Nº 4
V-10000186,Roberto Sosa,user_186@logias.local,argon2_mock_hash_186,miembro,2021-02-13,Protectora de las Virtudes Nº 1
V-10000187,David Rodriguez,user_187@logias.local,argon2_mock_hash_187,miembro,2021-12-14,Estrella del Sur Nº 3
V-10000188,Andres Rodriguez,user_188@logias.local,argon2_mock_hash_188,miembro,2013-04-08,Sol de Oriente Nº 2
V-10000189,Jesus Gomez,user_189@logias.local,argon2_mock_hash_189,miembro,2018-03-06,Acacia Nº 6
V-10000190,Pedro Perez,user_190@logias.local,argon2_mock_hash_190,miembro,2011-04-23,Estrella del Sur Nº 3
V-10000191,Alexander Torres,user_191@logias.local,argon2_mock_hash_191,miembro,2011-07-20,Progreso Nº 8
V-10000192,Rafael Diaz,user_192@logias.local,argon2_mock_hash_192,miembro,2015-07-11,Acacia Nº 6
V-10000193,Rafael Alvarez,user_193@logias.local,argon2_mock_hash_193,miembro,2020-03-21,Protectora de las Virtudes Nº 1
V-10000194,Juan Flores,user_194@logias.local,argon2_mock_hash_194,miembro,2020-06-05,La Luz Nº 5
V-10000195,Jesus Diaz,user_195@logias.local,argon2_mock_hash_195,miembro,2014-01-04,Protectora de las Virtudes Nº 1
V-10000196,Daniel Guzman,user_196@logias.local,argon2_mock_hash_196,miembro,2013-12-11,Esperanza Nº 4
V-10000197,Daniel Gonzalez,user_197@logias.local,argon2_mock_hash_197,miembro,2024-09-29,Fraternidad Nº 7
V-10000198,Julio Torres,user_198@logias.local,argon2_mock_hash_198,miembro,2015-10-19,Fraternidad Nº 7
V-10000199,Jesus Gomez,user_199@logias.local,argon2_mock_hash_199,miembro,2017-01-18,Progreso Nº 8
V-10000200,Jorge Silva,user_200@logias.local,argon2_mock_hash_200,miembro,2013-05-31,Fraternidad Nº 7
V-10000201,Francisco Rondon,user_201@logias.local,argon2_mock_hash_201,miembro,2023-06-15,Estrella del Sur Nº 3
V-10000202,David Blanco,user_202@logias.local,argon2_mock_hash_202,miembro,2019-11-13,Estrella del Sur Nº 3
V-10000203,Miguel Mejia,user_203@logias.local,argon2_mock_hash_203,miembro,2023-06-23,Estrella del Sur Nº 3
V-10000204,Alexander Silva,user_204@logias.local,argon2_mock_hash_204,miembro,2012-07-03,Progreso Nº 8
V-10000205,Jesus Perez,user_205@logias.local,argon2_mock_hash_205,miembro,2023-08-20,Progreso Nº 8
V-10000206,Manuel Silva,user_206@logias.local,argon2_mock_hash_206,miembro,2017-04-09,Protectora de las Virtudes Nº 1
V-10000207,Alexander Gonzalez,user_207@logias.local,argon2_mock_hash_207,miembro,2016-11-23,Protectora de las Virtudes Nº 1
V-10000208,Roberto Mejia,user_208@logias.local,argon2_mock_hash_208,miembro,2014-10-15,Fraternidad Nº 7
V-10000209,Julio Flores,user_209@logias.local,argon2_mock_hash_209,miembro,2011-08-06,Acacia Nº 6
V-10000210,Alexander Diaz,user_210@logias.local,argon2_mock_hash_210,miembro,2023-04-11,Acacia Nº 6
V-10000211,Francisco Ramirez,user_211@logias.local,argon2_mock_hash_211,miembro,2013-05-30,Progreso Nº 8
V-10000212,David Alvarez,user_212@logias.local,argon2_mock_hash_212,miembro,2015-12-31,Fraternidad Nº 7
V-10000213,Jesus Hernandez,user_213@logias.local,argon2_mock_hash_213,miembro,2023-01-17,Acacia Nº 6
V-10000214,Manuel Mejia,user_214@logias.local,argon2_mock_hash_214,miembro,2017-09-09,Estrella del Sur Nº 3
V-10000215,David Alvarez,user_215@logias.local,argon2_mock_hash_215,miembro,2022-04-10,Fraternidad Nº 7
V-10000216,Eduardo Castillo,user_216@logias.local,argon2_mock_hash_216,miembro,2022-04-20,Acacia Nº 6
V-10000217,Jorge Mendoza,user_217@logias.local,argon2_mock_hash_217,miembro,2024-10-03,Acacia Nº 6
V-10000218,Jesus Medina,user_218@logias.local,argon2_mock_hash_218,miembro,2020-02-01,Esperanza Nº 4
V-10000219,Antonio Diaz,user_219@logias.local,argon2_mock_hash_219,miembro,2017-08-12,Protectora de las Virtudes Nº 1
V-10000220,Roberto Castillo,user_220@logias.local,argon2_mock_hash_220,miembro,2021-07-11,Estrella del Sur Nº 3
V-10000221,Alexander Gonzalez,user_221@logias.local,argon2_mock_hash_221,miembro,2016-12-29,Fraternidad Nº 7
V-10000222,Roberto Alvarez,user_222@logias.local,argon2_mock_hash_222,miembro,2019-12-02,Progreso Nº 8
V-10000223,Jose Blanco,user_223@logias.local,argon2_mock_hash_223,miembro,2014-10-23,Progreso Nº 8
V-10000224,Miguel Flores,user_224@logias.local,argon2_mock_hash_224,miembro,2019-07-23,Estrella del Sur Nº 3
V-10000225,Eduardo Diaz,user_225@logias.local,argon2_mock_hash_225,miembro,2018-10-09,Sol de Oriente Nº 2
V-10000226,Alexander Mendoza,user_226@logias.local,argon2_mock_hash_226,miembro,2015-05-10,Estrella del Sur Nº 3
V-10000227,David Rodriguez,user_227@logias.local,argon2_mock_hash_227,miembro,2023-12-21,Fraternidad Nº 7
V-10000228,Daniel Hernandez,user_228@logias.local,argon2_mock_hash_228,miembro,2020-02-17,Acacia Nº 6
V-10000229,Andres Perez,user_229@logias.local,argon2_mock_hash_229,miembro,2018-09-24,Protectora de las Virtudes Nº 1
V-10000230,Victor Ramirez,user_230@logias.local,argon2_mock_hash_230,miembro,2023-05-22,Protectora de las Virtudes Nº 1
V-10000231,Eduardo Mejia,user_231@logias.local,argon2_mock_hash_231,miembro,2022-09-03,Fraternidad Nº 7
V-10000232,Luis Gonzalez,user_232@logias.local,argon2_mock_hash_232,miembro,2015-10-01,Esperanza Nº 4
V-10000233,Carlos Diaz,user_233@logias.local,argon2_mock_hash_233,miembro,2011-10-13,Progreso Nº 8
V-10000234,Andres Alvarez,user_234@logias.local,argon2_mock_hash_234,miembro,2025-02-17,Fraternidad Nº 7
V-10000235,Miguel Hernandez,user_235@logias.local,argon2_mock_hash_235,miembro,2023-08-25,Acacia Nº 6
V-10000236,Daniel Medina,user_236@logias.local,argon2_mock_hash_236,miembro,2016-06-27,Protectora de las Virtudes Nº 1
V-10000237,David Hernandez,user_237@logias.local,argon2_mock_hash_237,miembro,2019-10-04,Acacia Nº 6
V-10000238,Julio Rondon,user_238@logias.local,argon2_mock_hash_238,miembro,2024-03-03,Estrella del Sur Nº 3
V-10000239,Alexander Medina,user_239@logias.local,argon2_mock_hash_239,miembro,2022-02-21,Estrella del Sur Nº 3
V-10000240,Antonio Flores,user_240@logias.local,argon2_mock_hash_240,miembro,2020-09-09,Protectora de las Virtudes Nº 1
V-10000241,Rafael Castillo,user_241@logias.local,argon2_mock_hash_241,miembro,2019-06-26,Progreso Nº 8
V-10000242,Antonio Blanco,user_242@logias.local,argon2_mock_hash_242,miembro,2017-09-20,Protectora de las Virtudes Nº 1
V-10000243,Daniel Ramirez,user_243@logias.local,argon2_mock_hash_243,miembro,2017-07-24,Fraternidad Nº 7
V-10000244,David Mendoza,user_244@logias.local,argon2_mock_hash_244,miembro,2023-04-25,La Luz Nº 5
V-10000245,Roberto Gomez,user_245@logias.local,argon2_mock_hash_245,miembro,2017-12-17,La Luz Nº 5
V-10000246,Antonio Ramirez,user_246@logias.local,argon2_mock_hash_246,miembro,2021-06-05,Fraternidad Nº 7
V-10000247,Pedro Blanco,user_247@logias.local,argon2_mock_hash_247,miembro,2019-01-03,Fraternidad Nº 7
V-10000248,Daniel Blanco,user_248@logias.local,argon2_mock_hash_248,miembro,2024-06-19,Estrella del Sur Nº 3
V-10000249,Pedro Perez,user_249@logias.local,argon2_mock_hash_249,miembro,2019-11-15,Sol de Oriente Nº 2
V-10000250,Daniel Silva,user_250@logias.local,argon2_mock_hash_250,miembro,2011-08-06,Protectora de las Virtudes Nº 1
V-10000251,David Ramirez,user_251@logias.local,argon2_mock_hash_251,miembro,2012-04-17,Sol de Oriente Nº 2
V-10000252,Jesus Sosa,user_252@logias.local,argon2_mock_hash_252,miembro,2022-08-15,Esperanza Nº 4
V-10000253,Rafael Castillo,user_253@logias.local,argon2_mock_hash_253,miembro,2019-04-18,Sol de Oriente Nº 2
V-10000254,Roberto Alvarez,user_254@logias.local,argon2_mock_hash_254,miembro,2020-09-04,Progreso Nº 8
V-10000255,Miguel Ramirez,user_255@logias.local,argon2_mock_hash_255,miembro,2017-12-30,Sol de Oriente Nº 2
V-10000256,Antonio Gomez,user_256@logias.local,argon2_mock_hash_256,miembro,2017-01-21,Estrella del Sur Nº 3
V-10000257,Andres Sanches,user_257@logias.local,argon2_mock_hash_257,miembro,2024-07-29,Progreso Nº 8
V-10000258,Alexander Guzman,user_258@logias.local,argon2_mock_hash_258,miembro,2011-06-10,Estrella del Sur Nº 3
V-10000259,Daniel Medina,user_259@logias.local,argon2_mock_hash_259,miembro,2015-12-25,Fraternidad Nº 7
V-10000260,Jesus Hernandez,user_260@logias.local,argon2_mock_hash_260,miembro,2014-09-19,Progreso Nº 8
V-10000261,Eduardo Silva,user_261@logias.local,argon2_mock_hash_261,miembro,2022-04-09,Estrella del Sur Nº 3
V-10000262,Rafael Perez,user_262@logias.local,argon2_mock_hash_262,miembro,2021-06-22,La Luz Nº 5
V-10000263,Rafael Alvarez,user_263@logias.local,argon2_mock_hash_263,miembro,2019-07-19,Sol de Oriente Nº 2
V-10000264,Andres Alvarez,user_264@logias.local,argon2_mock_hash_264,miembro,2013-11-22,Sol de Oriente Nº 2
V-10000265,Miguel Mejia,user_265@logias.local,argon2_mock_hash_265,miembro,2012-07-10,Acacia Nº 6
V-10000266,Pedro Silva,user_266@logias.local,argon2_mock_hash_266,miembro,2020-06-09,La Luz Nº 5
V-10000267,Victor Guzman,user_267@logias.local,argon2_mock_hash_267,miembro,2018-05-23,La Luz Nº 5
V-10000268,Alexander Hernandez,user_268@logias.local,argon2_mock_hash_268,miembro,2021-08-15,Protectora de las Virtudes Nº 1
V-10000269,Jose Rondon,user_269@logias.local,argon2_mock_hash_269,miembro,2018-02-26,Estrella del Sur Nº 3
V-10000270,Daniel Perez,user_270@logias.local,argon2_mock_hash_270,miembro,2013-08-13,Acacia Nº 6
V-10000271,Alexander Diaz,user_271@logias.local,argon2_mock_hash_271,miembro,2015-01-30,La Luz Nº 5
V-10000272,Antonio Castillo,user_272@logias.local,argon2_mock_hash_272,miembro,2019-08-07,Fraternidad Nº 7
V-10000273,Julio Rondon,user_273@logias.local,argon2_mock_hash_273,miembro,2021-08-04,Esperanza Nº 4
V-10000274,Victor Alvarez,user_274@logias.local,argon2_mock_hash_274,miembro,2024-08-24,Progreso Nº 8
V-10000275,Francisco Flores,user_275@logias.local,argon2_mock_hash_275,miembro,2024-01-28,Acacia Nº 6
V-10000276,Antonio Guzman,user_276@logias.local,argon2_mock_hash_276,miembro,2022-10-03,Protectora de las Virtudes Nº 1
V-10000277,Daniel Blanco,user_277@logias.local,argon2_mock_hash_277,miembro,2016-03-07,Protectora de las Virtudes Nº 1
V-10000278,David Guzman,user_278@logias.local,argon2_mock_hash_278,miembro,2023-07-08,La Luz Nº 5
V-10000279,Roberto Mejia,user_279@logias.local,argon2_mock_hash_279,miembro,2022-04-12,Sol de Oriente Nº 2
V-10000280,Jesus Guzman,user_280@logias.local,argon2_mock_hash_280,miembro,2021-12-06,Acacia Nº 6
V-10000281,Rafael Gonzalez,user_281@logias.local,argon2_mock_hash_281,miembro,2024-04-17,Protectora de las Virtudes Nº 1
V-10000282,Rafael Ramirez,user_282@logias.local,argon2_mock_hash_282,miembro,2011-07-27,Estrella del Sur Nº 3
V-10000283,Roberto Rondon,user_283@logias.local,argon2_mock_hash_283,miembro,2016-05-08,Estrella del Sur Nº 3
V-10000284,Rafael Mendoza,user_284@logias.local,argon2_mock_hash_284,miembro,2012-07-16,Progreso Nº 8
V-10000285,Jesus Diaz,user_285@logias.local,argon2_mock_hash_285,miembro,2012-01-28,Fraternidad Nº 7
V-10000286,Roberto Medina,user_286@logias.local,argon2_mock_hash_286,miembro,2012-03-11,La Luz Nº 5
V-10000287,Miguel Mendoza,user_287@logias.local,argon2_mock_hash_287,miembro,2021-11-07,Fraternidad Nº 7
V-10000288,Julio Diaz,user_288@logias.local,argon2_mock_hash_288,miembro,2024-09-27,Esperanza Nº 4
V-10000289,Jorge Flores,user_289@logias.local,argon2_mock_hash_289,miembro,2013-11-29,Fraternidad Nº 7
V-10000290,Andres Mendoza,user_290@logias.local,argon2_mock_hash_290,miembro,2012-08-02,Esperanza Nº 4
V-10000291,Rafael Castillo,user_291@logias.local,argon2_mock_hash_291,miembro,2021-04-13,Acacia Nº 6
V-10000292,Eduardo Blanco,user_292@logias.local,argon2_mock_hash_292,miembro,2011-06-26,La Luz Nº 5
V-10000293,Eduardo Alvarez,user_293@logias.local,argon2_mock_hash_293,miembro,2018-06-28,Esperanza Nº 4
V-10000294,Jesus Medina,user_294@logias.local,argon2_mock_hash_294,miembro,2012-08-05,Acacia Nº 6
V-10000295,Luis Silva,user_295@logias.local,argon2_mock_hash_295,miembro,2016-04-25,Fraternidad Nº 7
V-10000296,Pedro Alvarez,user_296@logias.local,argon2_mock_hash_296,miembro,2017-05-25,Sol de Oriente Nº 2
V-10000297,Victor Flores,user_297@logias.local,argon2_mock_hash_297,miembro,2013-01-31,Esperanza Nº 4
V-10000298,Andres Diaz,user_298@logias.local,argon2_mock_hash_298,miembro,2019-09-23,Esperanza Nº 4
V-10000299,Francisco Gonzalez,user_299@logias.local,argon2_mock_hash_299,miembro,2015-11-24,Sol de Oriente Nº 2
V-10000300,Andres Rodriguez,user_300@logias.local,argon2_mock_hash_300,miembro,2016-01-15,Estrella del Sur Nº 3
V-10000301,Jose Alvarez,user_301@logias.local,argon2_mock_hash_301,miembro,2018-10-06,Acacia Nº 6
V-10000302,Eduardo Gonzalez,user_302@logias.local,argon2_mock_hash_302,miembro,2015-10-17,Estrella del Sur Nº 3
V-10000303,Daniel Medina,user_303@logias.local,argon2_mock_hash_303,miembro,2018-09-03,Estrella del Sur Nº 3
V-10000304,Julio Mejia,user_304@logias.local,argon2_mock_hash_304,miembro,2017-08-26,Sol de Oriente Nº 2
V-10000305,Andres Mendoza,user_305@logias.local,argon2_mock_hash_305,miembro,2019-01-17,Progreso Nº 8
V-10000306,Miguel Ramirez,user_306@logias.local,argon2_mock_hash_306,miembro,2020-12-27,La Luz Nº 5
V-10000307,Julio Flores,user_307@logias.local,argon2_mock_hash_307,miembro,2011-06-19,Estrella del Sur Nº 3
V-10000308,Rafael Rondon,user_308@logias.local,argon2_mock_hash_308,miembro,2016-03-05,Sol de Oriente Nº 2
V-10000309,Victor Rondon,user_309@logias.local,argon2_mock_hash_309,miembro,2025-01-05,Esperanza Nº 4
V-10000310,Manuel Rondon,user_310@logias.local,argon2_mock_hash_310,miembro,2012-02-07,La Luz Nº 5
V-10000311,David Sanches,user_311@logias.local,argon2_mock_hash_311,miembro,2022-07-07,Protectora de las Virtudes Nº 1
V-10000312,Rafael Alvarez,user_312@logias.local,argon2_mock_hash_312,miembro,2018-07-20,Sol de Oriente Nº 2
V-10000313,Andres Medina,user_313@logias.local,argon2_mock_hash_313,miembro,2014-12-17,Estrella del Sur Nº 3
V-10000314,Jorge Guzman,user_314@logias.local,argon2_mock_hash_314,miembro,2013-02-09,Progreso Nº 8
V-10000315,Roberto Hernandez,user_315@logias.local,argon2_mock_hash_315,miembro,2013-04-27,Progreso Nº 8
V-10000316,Pedro Guzman,user_316@logias.local,argon2_mock_hash_316,miembro,2012-04-27,Esperanza Nº 4
V-10000317,Rafael Ramirez,user_317@logias.local,argon2_mock_hash_317,miembro,2020-07-23,Sol de Oriente Nº 2
V-10000318,Rafael Ramirez,user_318@logias.local,argon2_mock_hash_318,miembro,2014-12-30,Protectora de las Virtudes Nº 1
V-10000319,Julio Gonzalez,user_319@logias.local,argon2_mock_hash_319,miembro,2018-04-03,Progreso Nº 8
V-10000320,Juan Flores,user_320@logias.local,argon2_mock_hash_320,miembro,2024-02-24,Sol de Oriente Nº 2
V-10000321,Carlos Medina,user_321@logias.local,argon2_mock_hash_321,miembro,2018-09-23,Protectora de las Virtudes Nº 1
V-10000322,David Castillo,user_322@logias.local,argon2_mock_hash_322,miembro,2016-09-12,Progreso Nº 8
V-10000323,David Diaz,user_323@logias.local,argon2_mock_hash_323,miembro,2013-02-11,Estrella del Sur Nº 3
V-10000324,Juan Rodriguez,user_324@logias.local,argon2_mock_hash_324,miembro,2014-10-13,La Luz Nº 5
V-10000325,Eduardo Castillo,user_325@logias.local,argon2_mock_hash_325,miembro,2019-08-13,Esperanza Nº 4
V-10000326,Jose Diaz,user_326@logias.local,argon2_mock_hash_326,miembro,2015-10-06,Protectora de las Virtudes Nº 1
V-10000327,Jose Hernandez,user_327@logias.local,argon2_mock_hash_327,miembro,2011-11-05,Sol de Oriente Nº 2
V-10000328,Francisco Gonzalez,user_328@logias.local,argon2_mock_hash_328,miembro,2015-04-28,Fraternidad Nº 7
V-10000329,Andres Mendoza,user_329@logias.local,argon2_mock_hash_329,miembro,2019-11-30,La Luz Nº 5
V-10000330,Julio Mejia,user_330@logias.local,argon2_mock_hash_330,miembro,2019-11-08,Acacia Nº 6
V-10000331,Jorge Alvarez,user_331@logias.local,argon2_mock_hash_331,miembro,2023-10-19,La Luz Nº 5
V-10000332,Jorge Guzman,user_332@logias.local,argon2_mock_hash_332,miembro,2024-02-11,Progreso Nº 8
V-10000333,Rafael Rondon,user_333@logias.local,argon2_mock_hash_333,miembro,2016-01-04,Fraternidad Nº 7
V-10000334,Eduardo Medina,user_334@logias.local,argon2_mock_hash_334,miembro,2020-02-10,Esperanza Nº 4
V-10000335,Pedro Guzman,user_335@logias.local,argon2_mock_hash_335,miembro,2015-10-28,Fraternidad Nº 7
V-10000336,Francisco Sosa,user_336@logias.local,argon2_mock_hash_336,miembro,2017-10-04,Esperanza Nº 4
V-10000337,Carlos Guzman,user_337@logias.local,argon2_mock_hash_337,miembro,2024-01-04,Esperanza Nº 4
V-10000338,Carlos Flores,user_338@logias.local,argon2_mock_hash_338,miembro,2014-05-31,Esperanza Nº 4
V-10000339,Juan Flores,user_339@logias.local,argon2_mock_hash_339,miembro,2022-07-14,Esperanza Nº 4
V-10000340,Roberto Flores,user_340@logias.local,argon2_mock_hash_340,miembro,2019-10-19,Fraternidad Nº 7
V-10000341,Alexander Guzman,user_341@logias.local,argon2_mock_hash_341,miembro,2018-04-01,Acacia Nº 6
V-10000342,Alexander Diaz,user_342@logias.local,argon2_mock_hash_342,miembro,2017-12-25,Progreso Nº 8
V-10000343,Jorge Gonzalez,user_343@logias.local,argon2_mock_hash_343,miembro,2021-11-22,Esperanza Nº 4
V-10000344,Antonio Perez,user_344@logias.local,argon2_mock_hash_344,miembro,2017-10-07,Esperanza Nº 4
V-10000345,Victor Guzman,user_345@logias.local,argon2_mock_hash_345,miembro,2019-05-24,Acacia Nº 6
V-10000346,Alexander Gomez,user_346@logias.local,argon2_mock_hash_346,miembro,2021-05-15,Acacia Nº 6
V-10000347,Miguel Guzman,user_347@logias.local,argon2_mock_hash_347,miembro,2013-05-31,Protectora de las Virtudes Nº 1
V-10000348,Juan Torres,user_348@logias.local,argon2_mock_hash_348,miembro,2019-12-23,Estrella del Sur Nº 3
V-10000349,Jose Mendoza,user_349@logias.local,argon2_mock_hash_349,miembro,2016-10-17,Progreso Nº 8
V-10000350,Victor Rodriguez,user_350@logias.local,argon2_mock_hash_350,miembro,2013-03-25,Protectora de las Virtudes Nº 1
V-10000351,Rafael Sosa,user_351@logias.local,argon2_mock_hash_351,miembro,2024-10-12,La Luz Nº 5
V-10000352,Luis Diaz,user_352@logias.local,argon2_mock_hash_352,miembro,2019-10-05,Estrella del Sur Nº 3
V-10000353,David Sosa,user_353@logias.local,argon2_mock_hash_353,miembro,2023-05-24,Fraternidad Nº 7
V-10000354,Julio Sanches,user_354@logias.local,argon2_mock_hash_354,miembro,2018-06-09,Esperanza Nº 4
V-10000355,Carlos Castillo,user_355@logias.local,argon2_mock_hash_355,miembro,2016-09-15,Fraternidad Nº 7
V-10000356,Miguel Hernandez,user_356@logias.local,argon2_mock_hash_356,miembro,2015-06-08,Progreso Nº 8
V-10000357,Rafael Gonzalez,user_357@logias.local,argon2_mock_hash_357,miembro,2020-06-04,Esperanza Nº 4
V-10000358,Manuel Gonzalez,user_358@logias.local,argon2_mock_hash_358,miembro,2018-11-17,Sol de Oriente Nº 2
V-10000359,Miguel Rondon,user_359@logias.local,argon2_mock_hash_359,miembro,2020-07-08,Protectora de las Virtudes Nº 1
V-10000360,Antonio Gomez,user_360@logias.local,argon2_mock_hash_360,miembro,2012-06-15,Esperanza Nº 4
V-10000361,Daniel Perez,user_361@logias.local,argon2_mock_hash_361,miembro,2013-12-07,Sol de Oriente Nº 2
V-10000362,Luis Torres,user_362@logias.local,argon2_mock_hash_362,miembro,2023-06-18,Esperanza Nº 4
V-10000363,Jesus Rodriguez,user_363@logias.local,argon2_mock_hash_363,miembro,2015-01-23,La Luz Nº 5
V-10000364,Jorge Gomez,user_364@logias.local,argon2_mock_hash_364,miembro,2023-03-30,Fraternidad Nº 7
V-10000365,Carlos Hernandez,user_365@logias.local,argon2_mock_hash_365,miembro,2021-09-15,La Luz Nº 5
V-10000366,Daniel Rondon,user_366@logias.local,argon2_mock_hash_366,miembro,2022-10-11,Acacia Nº 6
V-10000367,David Sosa,user_367@logias.local,argon2_mock_hash_367,miembro,2022-03-12,Sol de Oriente Nº 2
V-10000368,Eduardo Guzman,user_368@logias.local,argon2_mock_hash_368,miembro,2022-11-06,Fraternidad Nº 7
V-10000369,Roberto Mejia,user_369@logias.local,argon2_mock_hash_369,miembro,2016-07-11,Acacia Nº 6
V-10000370,Carlos Guzman,user_370@logias.local,argon2_mock_hash_370,miembro,2012-05-03,Esperanza Nº 4
V-10000371,Andres Sosa,user_371@logias.local,argon2_mock_hash_371,miembro,2019-02-23,La Luz Nº 5
V-10000372,Jorge Sosa,user_372@logias.local,argon2_mock_hash_372,miembro,2018-06-11,Fraternidad Nº 7
V-10000373,Manuel Sanches,user_373@logias.local,argon2_mock_hash_373,miembro,2011-11-06,Progreso Nº 8
V-10000374,Andres Alvarez,user_374@logias.local,argon2_mock_hash_374,miembro,2016-04-16,Protectora de las Virtudes Nº 1
V-10000375,Jesus Ramirez,user_375@logias.local,argon2_mock_hash_375,miembro,2015-07-05,Acacia Nº 6
V-10000376,Antonio Rondon,user_376@logias.local,argon2_mock_hash_376,miembro,2014-06-03,Esperanza Nº 4
V-10000377,Antonio Medina,user_377@logias.local,argon2_mock_hash_377,miembro,2017-11-09,Esperanza Nº 4
V-10000378,Luis Silva,user_378@logias.local,argon2_mock_hash_378,miembro,2011-11-19,Esperanza Nº 4
V-10000379,Alexander Flores,user_379@logias.local,argon2_mock_hash_379,miembro,2018-08-19,Progreso Nº 8
V-10000380,Victor Perez,user_380@logias.local,argon2_mock_hash_380,miembro,2019-09-27,La Luz Nº 5
V-10000381,Daniel Hernandez,user_381@logias.local,argon2_mock_hash_381,miembro,2011-10-03,Progreso Nº 8
V-10000382,Eduardo Gonzalez,user_382@logias.local,argon2_mock_hash_382,miembro,2013-02-14,Acacia Nº 6
V-10000383,Francisco Blanco,user_383@logias.local,argon2_mock_hash_383,miembro,2011-06-04,Estrella del Sur Nº 3
V-10000384,Jesus Torres,user_384@logias.local,argon2_mock_hash_384,miembro,2024-12-05,Sol de Oriente Nº 2
V-10000385,Alexander Blanco,user_385@logias.local,argon2_mock_hash_385,miembro,2014-10-12,Fraternidad Nº 7
V-10000386,David Rodriguez,user_386@logias.local,argon2_mock_hash_386,miembro,2022-10-27,Progreso Nº 8
V-10000387,Andres Blanco,user_387@logias.local,argon2_mock_hash_387,miembro,2017-06-21,La Luz Nº 5
V-10000388,David Medina,user_388@logias.local,argon2_mock_hash_388,miembro,2015-05-04,Sol de Oriente Nº 2
V-10000389,Carlos Alvarez,user_389@logias.local,argon2_mock_hash_389,miembro,2022-08-02,Protectora de las Virtudes Nº 1
V-10000390,Miguel Sanches,user_390@logias.local,argon2_mock_hash_390,miembro,2012-10-14,Estrella del Sur Nº 3
V-10000391,Alexander Sanches,user_391@logias.local,argon2_mock_hash_391,miembro,2021-01-10,Fraternidad Nº 7
V-10000392,Daniel Rodriguez,user_392@logias.local,argon2_mock_hash_392,miembro,2015-01-31,Esperanza Nº 4
V-10000393,Jose Flores,user_393@logias.local,argon2_mock_hash_393,miembro,2023-10-06,La Luz Nº 5
V-10000394,David Rondon,user_394@logias.local,argon2_mock_hash_394,miembro,2014-11-26,Esperanza Nº 4
V-10000395,Rafael Rondon,user_395@logias.local,argon2_mock_hash_395,miembro,2011-06-16,Fraternidad Nº 7
V-10000396,David Ramirez,user_396@logias.local,argon2_mock_hash_396,miembro,2018-06-30,Estrella del Sur Nº 3
V-10000397,Andres Rondon,user_397@logias.local,argon2_mock_hash_397,miembro,2019-10-25,Sol de Oriente Nº 2
V-10000398,Andres Mendoza,user_398@logias.local,argon2_mock_hash_398,miembro,2015-10-14,Fraternidad Nº 7
V-10000399,Jorge Gomez,user_399@logias.local,argon2_mock_hash_399,miembro,2013-02-10,Progreso Nº 8
V-10000400,Eduardo Gomez,user_400@logias.local,argon2_mock_hash_400,miembro,2018-09-08,Progreso Nº 8
V-10000401,Roberto Gonzalez,user_401@logias.local,argon2_mock_hash_401,miembro,2024-12-13,Acacia Nº 6
V-10000402,Eduardo Mendoza,user_402@logias.local,argon2_mock_hash_402,miembro,2015-12-28,Progreso Nº 8
V-10000403,Victor Gomez,user_403@logias.local,argon2_mock_hash_403,miembro,2012-06-26,Sol de Oriente Nº 2
V-10000404,Pedro Sosa,user_404@logias.local,argon2_mock_hash_404,miembro,2013-02-08,Esperanza Nº 4
V-10000405,Eduardo Mendoza,user_405@logias.local,argon2_mock_hash_405,miembro,2012-04-27,Sol de Oriente Nº 2
V-10000406,Eduardo Gonzalez,user_406@logias.local,argon2_mock_hash_406,miembro,2012-11-29,Progreso Nº 8
V-10000407,Francisco Alvarez,user_407@logias.local,argon2_mock_hash_407,miembro,2015-01-29,Protectora de las Virtudes Nº 1
V-10000408,Luis Sanches,user_408@logias.local,argon2_mock_hash_408,miembro,2011-12-24,Esperanza Nº 4
V-10000409,Miguel Mejia,user_409@logias.local,argon2_mock_hash_409,miembro,2020-07-13,Estrella del Sur Nº 3
V-10000410,Eduardo Sosa,user_410@logias.local,argon2_mock_hash_410,miembro,2017-11-27,Estrella del Sur Nº 3
V-10000411,Julio Sosa,user_411@logias.local,argon2_mock_hash_411,miembro,2022-02-15,Sol de Oriente Nº 2
V-10000412,Manuel Perez,user_412@logias.local,argon2_mock_hash_412,miembro,2019-07-26,Estrella del Sur Nº 3
V-10000413,Daniel Medina,user_413@logias.local,argon2_mock_hash_413,miembro,2012-03-19,Estrella del Sur Nº 3
V-10000414,Daniel Ramirez,user_414@logias.local,argon2_mock_hash_414,miembro,2023-01-29,Sol de Oriente Nº 2
V-10000415,Alexander Medina,user_415@logias.local,argon2_mock_hash_415,miembro,2012-02-11,Acacia Nº 6
V-10000416,David Hernandez,user_416@logias.local,argon2_mock_hash_416,miembro,2020-04-12,Fraternidad Nº 7
V-10000417,Manuel Rondon,user_417@logias.local,argon2_mock_hash_417,miembro,2017-08-04,La Luz Nº 5
V-10000418,Jesus Gonzalez,user_418@logias.local,argon2_mock_hash_418,miembro,2022-12-07,Protectora de las Virtudes Nº 1
V-10000419,Luis Gomez,user_419@logias.local,argon2_mock_hash_419,miembro,2014-12-05,Progreso Nº 8
V-10000420,Andres Alvarez,user_420@logias.local,argon2_mock_hash_420,miembro,2019-01-08,Estrella del Sur Nº 3
V-10000421,Carlos Blanco,user_421@logias.local,argon2_mock_hash_421,miembro,2024-01-02,Estrella del Sur Nº 3
V-10000422,Jorge Hernandez,user_422@logias.local,argon2_mock_hash_422,miembro,2025-02-21,Sol de Oriente Nº 2
V-10000423,Julio Sanches,user_423@logias.local,argon2_mock_hash_423,miembro,2024-12-15,Progreso Nº 8
V-10000424,Jorge Perez,user_424@logias.local,argon2_mock_hash_424,miembro,2023-07-30,Progreso Nº 8
V-10000425,Luis Rondon,user_425@logias.local,argon2_mock_hash_425,miembro,2018-06-15,Acacia Nº 6
V-10000426,Carlos Mendoza,user_426@logias.local,argon2_mock_hash_426,miembro,2011-06-24,Protectora de las Virtudes Nº 1
V-10000427,Jose Perez,user_427@logias.local,argon2_mock_hash_427,miembro,2011-05-08,Fraternidad Nº 7
V-10000428,Luis Perez,user_428@logias.local,argon2_mock_hash_428,miembro,2011-12-11,Sol de Oriente Nº 2
V-10000429,Jesus Perez,user_429@logias.local,argon2_mock_hash_429,miembro,2018-12-15,Esperanza Nº 4
V-10000430,Juan Alvarez,user_430@logias.local,argon2_mock_hash_430,miembro,2013-07-21,Esperanza Nº 4
V-10000431,Antonio Gonzalez,user_431@logias.local,argon2_mock_hash_431,miembro,2014-01-24,Esperanza Nº 4
V-10000432,Roberto Hernandez,user_432@logias.local,argon2_mock_hash_432,miembro,2017-01-24,Protectora de las Virtudes Nº 1
V-10000433,Julio Torres,user_433@logias.local,argon2_mock_hash_433,miembro,2012-11-29,Acacia Nº 6
V-10000434,Juan Silva,user_434@logias.local,argon2_mock_hash_434,miembro,2024-11-09,Sol de Oriente Nº 2
V-10000435,Daniel Mendoza,user_435@logias.local,argon2_mock_hash_435,miembro,2013-12-05,La Luz Nº 5
V-10000436,Carlos Guzman,user_436@logias.local,argon2_mock_hash_436,miembro,2018-12-10,Estrella del Sur Nº 3
V-10000437,Andres Guzman,user_437@logias.local,argon2_mock_hash_437,miembro,2016-05-27,Acacia Nº 6
V-10000438,Antonio Torres,user_438@logias.local,argon2_mock_hash_438,miembro,2023-11-13,Esperanza Nº 4
V-10000439,Alexander Mejia,user_439@logias.local,argon2_mock_hash_439,miembro,2018-03-25,Protectora de las Virtudes Nº 1
V-10000440,Luis Rodriguez,user_440@logias.local,argon2_mock_hash_440,miembro,2024-11-29,Estrella del Sur Nº 3
V-10000441,Miguel Blanco,user_441@logias.local,argon2_mock_hash_441,miembro,2019-02-20,Estrella del Sur Nº 3
V-10000442,Jesus Torres,user_442@logias.local,argon2_mock_hash_442,miembro,2013-06-01,La Luz Nº 5
V-10000443,Victor Ramirez,user_443@logias.local,argon2_mock_hash_443,miembro,2023-12-03,Acacia Nº 6
V-10000444,David Gomez,user_444@logias.local,argon2_mock_hash_444,miembro,2022-11-10,La Luz Nº 5
V-10000445,Rafael Rodriguez,user_445@logias.local,argon2_mock_hash_445,miembro,2024-11-21,Protectora de las Virtudes Nº 1
V-10000446,Daniel Perez,user_446@logias.local,argon2_mock_hash_446,miembro,2024-05-16,Estrella del Sur Nº 3
V-10000447,Francisco Rondon,user_447@logias.local,argon2_mock_hash_447,miembro,2015-10-31,Esperanza Nº 4
V-10000448,Carlos Silva,user_448@logias.local,argon2_mock_hash_448,miembro,2022-06-27,Acacia Nº 6
V-10000449,Francisco Mendoza,user_449@logias.local,argon2_mock_hash_449,miembro,2016-03-04,Protectora de las Virtudes Nº 1
V-10000450,Antonio Rondon,user_450@logias.local,argon2_mock_hash_450,miembro,2012-10-05,Sol de Oriente Nº 2
V-10000451,Antonio Silva,user_451@logias.local,argon2_mock_hash_451,miembro,2011-03-14,La Luz Nº 5
V-10000452,Jose Guzman,user_452@logias.local,argon2_mock_hash_452,miembro,2021-10-15,Esperanza Nº 4
V-10000453,Francisco Guzman,user_453@logias.local,argon2_mock_hash_453,miembro,2024-12-13,Acacia Nº 6
V-10000454,Antonio Diaz,user_454@logias.local,argon2_mock_hash_454,miembro,2013-04-13,Esperanza Nº 4
V-10000455,Pedro Perez,user_455@logias.local,argon2_mock_hash_455,miembro,2023-01-29,La Luz Nº 5
V-10000456,David Ramirez,user_456@logias.local,argon2_mock_hash_456,miembro,2012-02-21,Sol de Oriente Nº 2
V-10000457,Carlos Silva,user_457@logias.local,argon2_mock_hash_457,miembro,2015-05-30,Protectora de las Virtudes Nº 1
V-10000458,Antonio Sosa,user_458@logias.local,argon2_mock_hash_458,miembro,2016-05-08,Acacia Nº 6
V-10000459,Alexander Sosa,user_459@logias.local,argon2_mock_hash_459,miembro,2023-06-29,Esperanza Nº 4
V-10000460,Andres Diaz,user_460@logias.local,argon2_mock_hash_460,miembro,2015-01-31,Estrella del Sur Nº 3
V-10000461,Eduardo Blanco,user_461@logias.local,argon2_mock_hash_461,miembro,2015-01-11,Esperanza Nº 4
V-10000462,Carlos Gomez,user_462@logias.local,argon2_mock_hash_462,miembro,2011-08-20,La Luz Nº 5
V-10000463,Carlos Sanches,user_463@logias.local,argon2_mock_hash_463,miembro,2016-04-11,Acacia Nº 6
V-10000464,Miguel Rodriguez,user_464@logias.local,argon2_mock_hash_464,miembro,2015-01-09,Fraternidad Nº 7
V-10000465,Luis Ramirez,user_465@logias.local,argon2_mock_hash_465,miembro,2022-01-11,Sol de Oriente Nº 2
V-10000466,Andres Flores,user_466@logias.local,argon2_mock_hash_466,miembro,2016-10-25,Fraternidad Nº 7
V-10000467,Julio Silva,user_467@logias.local,argon2_mock_hash_467,miembro,2023-06-26,La Luz Nº 5
V-10000468,Alexander Perez,user_468@logias.local,argon2_mock_hash_468,miembro,2017-09-23,Sol de Oriente Nº 2
V-10000469,Miguel Silva,user_469@logias.local,argon2_mock_hash_469,miembro,2016-04-22,Fraternidad Nº 7
V-10000470,Miguel Blanco,user_470@logias.local,argon2_mock_hash_470,miembro,2020-12-19,Esperanza Nº 4
V-10000471,Pedro Mejia,user_471@logias.local,argon2_mock_hash_471,miembro,2018-07-19,Esperanza Nº 4
V-10000472,Pedro Hernandez,user_472@logias.local,argon2_mock_hash_472,miembro,2016-07-29,La Luz Nº 5
V-10000473,Eduardo Rodriguez,user_473@logias.local,argon2_mock_hash_473,miembro,2017-02-10,Fraternidad Nº 7
V-10000474,Julio Mendoza,user_474@logias.local,argon2_mock_hash_474,miembro,2016-06-15,Acacia Nº 6
V-10000475,Roberto Sanches,user_475@logias.local,argon2_mock_hash_475,miembro,2018-11-12,Protectora de las Virtudes Nº 1
V-10000476,Julio Sanches,user_476@logias.local,argon2_mock_hash_476,miembro,2022-12-02,Estrella del Sur Nº 3
V-10000477,Eduardo Gonzalez,user_477@logias.local,argon2_mock_hash_477,miembro,2012-04-02,Esperanza Nº 4
V-10000478,Miguel Gomez,user_478@logias.local,argon2_mock_hash_478,miembro,2011-11-17,Esperanza Nº 4
V-10000479,David Silva,user_479@logias.local,argon2_mock_hash_479,miembro,2012-07-15,Estrella del Sur Nº 3
V-10000480,Miguel Medina,user_480@logias.local,argon2_mock_hash_480,miembro,2023-02-21,Protectora de las Virtudes Nº 1
V-10000481,Juan Mendoza,user_481@logias.local,argon2_mock_hash_481,miembro,2025-02-24,Progreso Nº 8
V-10000482,Andres Rondon,user_482@logias.local,argon2_mock_hash_482,miembro,2017-11-28,Estrella del Sur Nº 3
V-10000483,Luis Mendoza,user_483@logias.local,argon2_mock_hash_483,miembro,2023-07-16,Acacia Nº 6
V-10000484,Julio Diaz,user_484@logias.local,argon2_mock_hash_484,miembro,2018-05-25,Acacia Nº 6
V-10000485,Victor Rondon,user_485@logias.local,argon2_mock_hash_485,miembro,2012-07-24,Estrella del Sur Nº 3
V-10000486,Francisco Silva,user_486@logias.local,argon2_mock_hash_486,miembro,2016-09-05,Estrella del Sur Nº 3
V-10000487,Miguel Rodriguez,user_487@logias.local,argon2_mock_hash_487,miembro,2012-06-09,Fraternidad Nº 7
V-10000488,Roberto Sanches,user_488@logias.local,argon2_mock_hash_488,miembro,2014-01-14,Sol de Oriente Nº 2
V-10000489,David Rondon,user_489@logias.local,argon2_mock_hash_489,miembro,2023-03-06,Estrella del Sur Nº 3
V-10000490,Alexander Rodriguez,user_490@logias.local,argon2_mock_hash_490,miembro,2020-06-18,La Luz Nº 5
V-10000491,Manuel Diaz,user_491@logias.local,argon2_mock_hash_491,miembro,2024-02-01,Protectora de las Virtudes Nº 1
V-10000492,Jorge Medina,user_492@logias.local,argon2_mock_hash_492,miembro,2017-04-15,Fraternidad Nº 7
V-10000493,Julio Sanches,user_493@logias.local,argon2_mock_hash_493,miembro,2015-01-17,Estrella del Sur Nº 3
V-10000494,Juan Rondon,user_494@logias.local,argon2_mock_hash_494,miembro,2022-10-26,La Luz Nº 5
V-10000495,Miguel Hernandez,user_495@logias.local,argon2_mock_hash_495,miembro,2017-08-02,Sol de Oriente Nº 2
V-10000496,Juan Torres,user_496@logias.local,argon2_mock_hash_496,miembro,2011-07-18,Estrella del Sur Nº 3
V-10000497,Luis Rondon,user_497@logias.local,argon2_mock_hash_497,miembro,2020-11-26,Esperanza Nº 4
V-10000498,Antonio Alvarez,user_498@logias.local,argon2_mock_hash_498,miembro,2023-01-06,Esperanza Nº 4
V-10000499,Andres Gonzalez,user_499@logias.local,argon2_mock_hash_499,miembro,2025-01-29,Acacia Nº 6
V-10000500,Jose Diaz,user_500@logias.local,argon2_mock_hash_500,miembro,2020-07-10,Protectora de las Virtudes Nº 1
V-10000501,Victor Diaz,user_501@logias.local,argon2_mock_hash_501,miembro,2016-04-01,La Luz Nº 5
V-10000502,Carlos Guzman,user_502@logias.local,argon2_mock_hash_502,miembro,2021-01-07,Fraternidad Nº 7
V-10000503,Miguel Ramirez,user_503@logias.local,argon2_mock_hash_503,miembro,2019-04-06,Protectora de las Virtudes Nº 1
V-10000504,Manuel Silva,user_504@logias.local,argon2_mock_hash_504,miembro,2021-10-10,Protectora de las Virtudes Nº 1
V-10000505,David Guzman,user_505@logias.local,argon2_mock_hash_505,miembro,2011-12-09,Fraternidad Nº 7
V-10000506,Rafael Torres,user_506@logias.local,argon2_mock_hash_506,miembro,2012-04-27,Progreso Nº 8
V-10000507,Carlos Castillo,user_507@logias.local,argon2_mock_hash_507,miembro,2013-11-26,Protectora de las Virtudes Nº 1
V-10000508,Luis Ramirez,user_508@logias.local,argon2_mock_hash_508,miembro,2021-06-01,Estrella del Sur Nº 3
V-10000509,Pedro Torres,user_509@logias.local,argon2_mock_hash_509,miembro,2015-05-27,Sol de Oriente Nº 2
V-10000510,Roberto Sosa,user_510@logias.local,argon2_mock_hash_510,miembro,2023-08-31,Acacia Nº 6
V-10000511,Eduardo Rondon,user_511@logias.local,argon2_mock_hash_511,miembro,2013-07-05,La Luz Nº 5
V-10000512,Luis Torres,user_512@logias.local,argon2_mock_hash_512,miembro,2021-11-03,Estrella del Sur Nº 3
V-10000513,Luis Silva,user_513@logias.local,argon2_mock_hash_513,miembro,2018-10-01,Sol de Oriente Nº 2
V-10000514,Manuel Castillo,user_514@logias.local,argon2_mock_hash_514,miembro,2012-05-02,Progreso Nº 8
V-10000515,Manuel Castillo,user_515@logias.local,argon2_mock_hash_515,miembro,2011-04-20,Estrella del Sur Nº 3
V-10000516,Daniel Rondon,user_516@logias.local,argon2_mock_hash_516,miembro,2024-01-23,Esperanza Nº 4
V-10000517,Juan Rondon,user_517@logias.local,argon2_mock_hash_517,miembro,2018-03-11,La Luz Nº 5
V-10000518,Francisco Perez,user_518@logias.local,argon2_mock_hash_518,miembro,2015-03-25,La Luz Nº 5
V-10000519,Jorge Mejia,user_519@logias.local,argon2_mock_hash_519,miembro,2020-12-13,Sol de Oriente Nº 2
V-10000520,Rafael Blanco,user_520@logias.local,argon2_mock_hash_520,miembro,2013-08-10,Protectora de las Virtudes Nº 1
V-10000521,Rafael Castillo,user_521@logias.local,argon2_mock_hash_521,miembro,2013-05-29,Estrella del Sur Nº 3
V-10000522,Jose Flores,user_522@logias.local,argon2_mock_hash_522,miembro,2019-07-28,Protectora de las Virtudes Nº 1
V-10000523,Jose Sosa,user_523@logias.local,argon2_mock_hash_523,miembro,2014-10-03,Acacia Nº 6
V-10000524,Juan Sanches,user_524@logias.local,argon2_mock_hash_524,miembro,2014-03-15,Acacia Nº 6
V-10000525,Julio Guzman,user_525@logias.local,argon2_mock_hash_525,miembro,2017-06-11,Acacia Nº 6
V-10000526,Antonio Rodriguez,user_526@logias.local,argon2_mock_hash_526,miembro,2024-01-20,Fraternidad Nº 7
V-10000527,Francisco Sanches,user_527@logias.local,argon2_mock_hash_527,miembro,2019-02-17,Esperanza Nº 4
V-10000528,Juan Medina,user_528@logias.local,argon2_mock_hash_528,miembro,2021-04-13,Estrella del Sur Nº 3
V-10000529,Manuel Mejia,user_529@logias.local,argon2_mock_hash_529,miembro,2018-12-28,La Luz Nº 5
V-10000530,Alexander Sosa,user_530@logias.local,argon2_mock_hash_530,miembro,2014-09-12,Esperanza Nº 4
V-10000531,Julio Diaz,user_531@logias.local,argon2_mock_hash_531,miembro,2013-09-10,Protectora de las Virtudes Nº 1
V-10000532,Antonio Diaz,user_532@logias.local,argon2_mock_hash_532,miembro,2023-09-26,Progreso Nº 8
V-10000533,Manuel Sosa,user_533@logias.local,argon2_mock_hash_533,miembro,2020-12-09,La Luz Nº 5
V-10000534,Roberto Castillo,user_534@logias.local,argon2_mock_hash_534,miembro,2022-01-10,Acacia Nº 6
V-10000535,Antonio Sosa,user_535@logias.local,argon2_mock_hash_535,miembro,2016-02-03,Fraternidad Nº 7
V-10000536,Jesus Sanches,user_536@logias.local,argon2_mock_hash_536,miembro,2017-02-15,Progreso Nº 8
V-10000537,Antonio Diaz,user_537@logias.local,argon2_mock_hash_537,miembro,2022-04-18,Progreso Nº 8
V-10000538,Jesus Hernandez,user_538@logias.local,argon2_mock_hash_538,miembro,2017-03-13,Esperanza Nº 4
V-10000539,Jesus Blanco,user_539@logias.local,argon2_mock_hash_539,miembro,2012-01-13,La Luz Nº 5
V-10000540,Pedro Silva,user_540@logias.local,argon2_mock_hash_540,miembro,2014-07-29,Sol de Oriente Nº 2
V-10000541,Daniel Mendoza,user_541@logias.local,argon2_mock_hash_541,miembro,2015-11-25,La Luz Nº 5
V-10000542,Jose Rondon,user_542@logias.local,argon2_mock_hash_542,miembro,2012-05-24,Fraternidad Nº 7
V-10000543,Jesus Gomez,user_543@logias.local,argon2_mock_hash_543,miembro,2014-03-25,Sol de Oriente Nº 2
V-10000544,Pedro Rodriguez,user_544@logias.local,argon2_mock_hash_544,miembro,2019-01-12,Progreso Nº 8
V-10000545,Victor Hernandez,user_545@logias.local,argon2_mock_hash_545,miembro,2011-05-21,Estrella del Sur Nº 3
V-10000546,Jorge Medina,user_546@logias.local,argon2_mock_hash_546,miembro,2025-01-22,Fraternidad Nº 7
V-10000547,Juan Rondon,user_547@logias.local,argon2_mock_hash_547,miembro,2024-10-06,Esperanza Nº 4
V-10000548,Francisco Blanco,user_548@logias.local,argon2_mock_hash_548,miembro,2022-04-10,La Luz Nº 5
V-10000549,Miguel Hernandez,user_549@logias.local,argon2_mock_hash_549,miembro,2018-06-24,Protectora de las Virtudes Nº 1
V-10000550,Jorge Perez,user_550@logias.local,argon2_mock_hash_550,miembro,2014-03-04,Acacia Nº 6
